model_name,structure_load_time,before_param_count,before_param_mb,before_buffer_mb,before_serialized_mb,before_instance_mb,before_total_mb,after_param_count,after_param_mb,after_buffer_mb,after_serialized_mb,after_instance_mb,after_total_mb
vgg11,0.692983865737915,132863336,15.838543891906738,0.0,126.71440505981445,0.10045146942138672,15.938995361328125,132863336,506.8334045410156,0.0,506.8394660949707,0.10045146942138672,506.933856010437
vgg16,0.10160112380981445,138357544,16.493504524230957,0.0,131.95729637145996,0.13199710845947266,16.62550163269043,138357544,527.7921447753906,0.0,527.8014125823975,0.13199710845947266,527.9241418838501
vgg19,0.12803363800048828,143667240,17.126469612121582,0.0,137.02295303344727,0.15071392059326172,17.277183532714844,143667240,548.0470275878906,0.0,548.0582313537598,0.15071392059326172,548.1977415084839
