model_name,structure_load_time,before_param_count,before_param_mb,before_buffer_mb,before_serialized_mb,before_instance_mb,before_total_mb,after_param_count,after_param_mb,after_buffer_mb,after_serialized_mb,after_instance_mb,after_total_mb
resnet50,0.29486656188964844,25557032,97.49234008789062,0.20304107666015625,97.78975105285645,0.5027170181274414,98.19809818267822,25557032,97.49234008789062,0.20304107666015625,97.78975105285645,0.5027170181274414,98.19809818267822
resnet101,0.5594346523284912,44549160,169.94155883789062,0.40264892578125,170.5300121307373,0.95501708984375,171.29922485351562,44549160,169.94155883789062,0.40264892578125,170.5300121307373,0.95501708984375,171.29922485351562
resnet152,0.7396583557128906,60192808,229.61734008789062,0.5788192749023438,230.47327613830566,1.4068670272827148,231.60302639007568,60192808,229.61734008789062,0.5788192749023438,230.47327613830566,1.4068670272827148,231.60302639007568
