model_name,structure_load_time,before_param_count,before_param_mb,before_buffer_mb,before_serialized_mb,before_instance_mb,before_total_mb,after_param_count,after_param_mb,after_buffer_mb,after_serialized_mb,after_instance_mb,after_total_mb
resnet50,0.29667210578918457,25557032,3.046635627746582,0.20304107666015625,24.670488357543945,0.5054788589477539,3.755155563354492,25557032,97.49234008789062,0.20304107666015625,97.78975105285645,0.5054788589477539,98.20086002349854
resnet101,0.15834450721740723,44549160,5.310673713684082,0.40264892578125,43.073835372924805,0.957855224609375,6.671177864074707,44549160,169.94155883789062,0.40264892578125,170.5300121307373,0.957855224609375,171.30206298828125
resnet152,0.11851310729980469,60192808,7.175541877746582,0.5788192749023438,58.260263442993164,1.4097814559936523,9.164142608642578,60192808,229.61734008789062,0.5788192749023438,230.47327613830566,1.4097814559936523,231.60594081878662
