model_name,structure_load_time,before_param_count,before_param_mb,before_buffer_mb,before_serialized_mb,before_instance_mb,before_total_mb,after_param_count,after_param_mb,after_buffer_mb,after_serialized_mb,after_instance_mb,after_total_mb
vgg11,1.4412405490875244,132863336,506.8334045410156,0.0,506.8394660949707,0.09819316864013672,506.93159770965576,132863336,506.8334045410156,0.0,506.8394660949707,0.09819316864013672,506.93159770965576
vgg16,1.6214652061462402,138357544,527.7921447753906,0.0,527.8014125823975,0.1297311782836914,527.9218759536743,138357544,527.7921447753906,0.0,527.8014125823975,0.1297311782836914,527.9218759536743
vgg19,1.5585312843322754,143667240,548.0470275878906,0.0,548.0582313537598,0.14844036102294922,548.1954679489136,143667240,548.0470275878906,0.0,548.0582313537598,0.14844036102294922,548.1954679489136
