model_name,structure_load_time,before_param_count,before_param_mb,before_buffer_mb,before_serialized_mb,before_instance_mb,before_total_mb,after_param_count,after_param_mb,after_buffer_mb,after_serialized_mb,after_instance_mb,after_total_mb
vit_b_16,0.7223169803619385,86567656,330.2294006347656,0.0,330.283540725708,0.4525032043457031,330.6819038391113,86567656,330.2294006347656,0.0,330.283540725708,0.4525032043457031,330.6819038391113
vit_b_32,0.8481872081756592,88224232,336.5487365722656,0.0,336.602876663208,0.4524879455566406,337.00122451782227,88224232,336.5487365722656,0.0,336.602876663208,0.4524879455566406,337.00122451782227
vit_l_16,2.6734354496002197,304326632,1160.9139709472656,0.0,1161.0214252471924,0.8759040832519531,1161.7898750305176,304326632,1160.9139709472656,0.0,1161.0214252471924,0.8759040832519531,1161.7898750305176
