model_name,structure_load_time,before_param_count,before_param_mb,before_buffer_mb,before_serialized_mb,before_instance_mb,before_total_mb,after_param_count,after_param_mb,after_buffer_mb,after_serialized_mb,after_instance_mb,after_total_mb
vit_b_16,1.3295812606811523,86567656,10.319668769836426,0.0,82.61148262023926,0.45310401916503906,10.772772789001465,86567656,330.2294006347656,0.0,330.283540725708,0.45310401916503906,330.68250465393066
vit_b_32,0.8540644645690918,88224232,10.5171480178833,0.0,84.19131660461426,0.45308876037597656,10.970236778259277,88224232,336.5487365722656,0.0,336.602876663208,0.45308876037597656,337.0018253326416
vit_l_16,2.8786158561706543,304326632,36.27856159210205,0.0,290.33593940734863,0.8765239715576172,37.15508556365967,304326632,1160.9139709472656,0.0,1161.0214252471924,0.8765239715576172,1161.7904949188232
